7th Grade Underdog,7 Angels 7 Plagues,7 Angels of the Apocalypse,36,44+,88 Fingers Louie,504 Plan,The A.K.A.s,A.T.F.O.,The Academy Is…,Afterproject,Against the Current,Alkaline Trio,Ambition Mission,American Nightmare,Amyl and the Sniffers,The Apathetics,Apocalypse Hoboken,Arma Angelus / Novena,Armor For Sleep,At the Drive in,The Ataris,The Audreys,August Premier,Authority Abuse,Awolnation,Backup,Bane,Baxter,Beartooth,Bergen Even,The Bible,Birthright,Black Cards,Blackbear,Blink 182,Blue Meanies,Borderline,The Brockmeyers,Brother's Keeper,Burning Empires,The Cab,Cellar Door,Cellarr / Openside,Charles Bronson,Charley Marley,Chauncey,Chunsa,City Archaic,Clifford's Dead,Cobra Starship,Comsomol Diaries,Creation Is Crucifixion,Culture,Culture of Violence,Cute Is What We Aim for,D.R.U.G.S.,Daisy Grenade,The Damned Things,Danny + The Ketchups,Dead to Fall,Death...Explode,Demonic Approach / Baio,Descendents,Dickforshort,Dillinger Escape Plan,Disfuck,Divide By Zero,Don’t Look Down,Earth Crisis,The Eclectics,Ekon Blue,Enabler,Engines,Every Time I Die,Evolution,Examination of The…,Extinction,Fall Out Boy,Fall Out Boy (Texas),"Fall Out Boy Police Dept. (Ithaca, NY)",Farewell Night / Centerfold,Faultlines,Fear and Loathing in Las Vegas,Finish Ticket,Firstborn / Justice Coming,Fit to Fail,Five Fingers Half A Hand,Forever Ended Today,Forever is Forgotten,Forstella Ford,Four Year Strong,The Fratellis,Frontline,Frontside,Fucked & Failing,Full English Breakfast,Further Seems Forever,Games We Play,Get Up Kids,Global Scam,God's Reflex,Gorilla Biscuits,Green Day,Grinding Process,Guys Gone Wild,Gym Class Heroes,Hawthorne Heights / A Day in the Life,Hewhocorrupts,Hey Monday,The Honor System,Retro Morning,Horizon,Hot Mulligan,Hot Water Music,The Hush Sound,IDKHOW,The Impostors,The Indecisives,The Interrupters,Invincible,This Is My Suitcase,"Reunion Show, The",Jawbreaker,Jimmy Eat World,Jodie,John Brown Battery,The Junior Varsity,Hang The Old Year,The Kill Pill,The Killing Tree,Killtheslavemaster,Knockout,Kung Fu Rick,Last Addition,Last Call,Last Ditch Effort,Last In Line,The Lawrence Arms,Less Than Jake,Lifetime,Line Drive,Logan's Loss,Low Profile,Luke Skawalker,Lynard's Innards,Machine Gun Kelly,The Maine,La Mantra de Fhiqria,Married to 7 Men,Matt and Kim,Mayfield,Meth & Goats,Mexican Cheerleader,Midtown,Millionaires,Misery Signals,Motion City Soundtrack,The Movielife,Much The Same,My Chemical Romance,My First Story,New Found Glory,New Jacks,New Left Standard,New Politics,Northstar,"Nothing, Nowhere",Obliterati,October Fall,Offyourself,"Optimus Prime (Chicago, IL)",Orange 9mm,Panic! At the Disco,Paramore,Path of Resistance,Patterson,Payback,Pet Salamander,Poonanies,Pretty Reckless,Project Rocket,The Promise Ring,Proudentall,Public Display of Infection,"Punch-Line (Denver, CO)",Punchline,Pvirs,Racetraitor,Remember Maine,Restraint,Rise Against,Royal & the Serpent,Rufio,Rummy,Rydell,Rydia,Boys Night Out,Saves the Day,School For Scoundrels,Season of the Devil,Sect,Set It Off,Seven Days of Samsara,Shameless,Short Arm Trick,Showoff,Shroud,Sick of It All,Sig Transit Gloria,Sketch Middle,Son Lux,Sparechange00,Spitalfield,Split Habit,Starstruck,State Champs,The Stereo,Stifle,Stillwell,Straight Forward,Strength in Numbers,Subsist,Synnecrosis,Taking Back Sunday,Tequila Mockingbird,Thursday,Tomsawyer,Trepan Nation,Twenty One Pilots,Ultimate Fakebook,Up in Arms,Vegan Reich,Voices Still Heard,Waax,Waterparks,Weezer,With Knives,Gold Motel,Focused Minds,For Death or Glory / I Have a Fear,Lifeline,Yellow Road Priest,Yellowcard,Zealot,DK LIMB,The Fall Out Boys (Sweden),Fallout Boy (Pennsylvania),Fallout Boy* (Canada),FalloutBoy (Minnesota),19 of Salem,1000 Knives,Abnegation,Cast Away,"Summer League, The",Summerleague,This Day Forward,Sutek Conspiracy,Tale of Gengi,Step Forward Look West,Over and Over,In Truth,Tooth & Claw,"Starting Line, The / The Sunday Drive",Nude Celebs,"Point, The",xSustainx,Beneath The Wheel / Aciel,Landmine,Winner Kills All,60 Second Skill,FGYOQ / ONIA,Killbot,Code Yellow,Straight A Idiot,Victory Auto Wreckers,Farcus,Catbite,Weekend Nachos,Hook,Don't Worry About It,Pipebomb,My Complex Island,Last Place Champs,Danger Radio,Wax on Radio,Hinckley,Everlast,Diatribe,Reckless Independents,Solar Trance,"Optimus Prime (Milwaukee, WI)","Bloody Stumps, The",Audition,Blue Smock Nancy,Milwaukee XXX,Haunted Life,Sky Is Burning,Leper,This Is Me Smiling,The Scene Aesthetic,Slide Coaster,Not Enough Gold,Billskinsfifth,Holden's Catch,Insidious / The Blindfold Parade,Skyline,Rhode Island Slut,Simon's Big Circus ,Anal Volcano,Irene May,I Am Secretly An Important Man,Holy Roman Empire
"Halley, Stu","Johnson, Kyle","Wentz, Pete","Stump, Patrick","Heller, Carol","Wleklinski, Dan","Scimeca, Nick","Ski, Mike","Slania, Andy","Siska, Adam","De La Mora, Abe","Costanza, Chrissy","Willard, Atom","Saunders, Annie","Garcia-Rivera, Alex","Taylor, Amy","Korey, Brian","Peterson, Andy","Bishop, Adam","DiIonno, Anthony","Amparan, Adam","Cooke, Angus","Safran, David","Rogner, Chris","Hofer, Dave","Bruno, Aaron","Arellano, Dan","Bedard, Aaron","McIlrath, Tim","Shomo, Caleb","Furse, Drew","Shin, John","Wentz, Pete","Wentz, Pete","Musto, Matthew","Hoppus, Mark","Spunke, Billy","King, Chris","Waclawik, Jason","Ski, Mike","Hurley, Andy","DeLeon, Alex","Dermer, Brandon","Vitale, Michael","Aspinwell, Aaron","Weaver, Charlie ",Dan Maloney,"Alexander, Drea","Hurley, Andy","O'Keefe, Sean","Suarez, Alex","Sikorski, Lucas","Macgregor, Adam","Beckham, Chris","Moya, Ryan","Melillo, Dave","Patrick, Aaron","Nigro, Dani","Hurley, Andy","O'Keefe, Sean","Cosgrove, Aaron","Schwier, Justin","Dillon, Steve","Stevenson, Bill","Ulery, Brian","Doll, Adam","Hurley, Andy","Contreras, John","Rendell, Jesse","Read, Benjamin","Treffy, Andy","Chen, David","Calhoun, Case","Woods, Craig","Ratajckzak, Aaron","Moon, Justin","Nissen, Dan","Bishop, Adam","Hurley, Andy","FOB TX, Paul","Antal, Chris","Walker, Jon","Korey, Brian",Kei,"Hoye, Michael","Deshmukh, Adeet ","Rice, Tom","Fingers, Blake","Wentz, Pete","Lopez, Chris","Yingling, Dan","Day, Alan","Harris, Bradley","Wentz, Pete","Kelly, Derrick","Hurley, Andy","Wentz, Pete","Gleason, Jason","Hernandez, Aaron","Kinsey, Dustin","Hurley, Andy","Carmona, Jesse","Brown, Alex","Armstrong, Billie Joe","Stump, Patrick","GGW, Dave","McCoy, Travie","Calvert, Casey","Slania, Andy","Pope, Cassadee","Carr, Chris","Duszynski, Dan","Beachler, Brandon","Freeman, Chris","Cresswell, Chris","Salpeter, Greta","Weekes, Dallon","Sikorski, Lucas","Raber, Amanda","Allen, Aimee","Hurley, Andy",,,"Pfahler, Adam","Adkins, Jim","Jodie, Mike","Meisinger, Brett","Wildrick, Andy",,"Mostofi, Mani","McIlrath, Tim","Ingebrightson, Seth","Warren, Jeff","Rudnik, Dave",,"Webb, Mike","Kosinski, Andy","Hofer, Dave","Kelly, Brendan","Schaub, Buddy","Katz, Ari","Gutierrez, Chris","Lapinski, Brian","Tarpey, Rob","Bauer, Paul","Castaldi, Jay","Baker, Colson","Nicklesen, Garrett","Murphy, Ben","Hurley, Andy","Schifino, Kim","Kelly, Brian","Hockaday, Dennis","Peterson, Andy","Saporta, Gabrial","Green, Melissa","Aust, Jeff","Lindstrom, Austin","Amiruddin, Alex","Mufich, Adam","Bryar, Bob","Moriuchi, Hiroki","Gilbert, Chad","Warren, Jeff","Milici, T.J.","Boyd, David","Regan, Shawn","Mulherin, Joseph","Stump, Patrick","D'Andrea, Pat","Nelson, Dan",,"Malik,Chaka","Ross, Ryan","Williams, Hayley","Rose, D.J.","Stump, Patrick","Merrill, Shane","Wilson, Brent","Gavin, Tim","Phillips, Ben","Ingebrightson, Seth","Didier, Daniel","Ning, Billy","Stump, Patrick","Bianco, Brandon","Fafalios, Chris","Babinski, Alex","Hurley, Andy","Beckett, William","Gutierrez, Chris","Barnes, Brandon","Santiago, Ryan Jillian","Sellers, Scott","Stasica, Tim","Booker, Miles","Rydia, Ben","Lovat-Fraser, Connor","Garcia-Rivera, Alex","SFS, Kevin",,"Hurley, Andy","Kerr, Austin","Macon, Sam",,,,"Gutierrez, Chris","Majidi, Armand",,,,,"Rose, Mark",,,"Fogarty, David",,,,"Adams, Damien",,,,,,,,,,,"Smith, Jesse","Hurley, Andy",,,,"Bell, Brian",,,"Hurley, Andy","Smith, Jesse","Hurley, Andy",,,,"Liegerot, Chris","Snipes, Jesley","Fallout Boy, John","Fallout Boy*, Cyle","Choloyda, Chris","Scanlan, Ryan",,,"Moore, Chris",,,,,,,,,,,"Binaei, Dan",,,,"Croson, Blake","WKA, Drew",,,,,,,,,,,,,,,,,,,,,,,,,"Snell, Judson",,,,,,,,,"Minich, Charles Michael",,,"Mostofi, Mani","Brown, Drew","Amorosino, Brad",,,,
"Van Heck, Kyle","Lensinski, Dave",,"Dillon, Steve","Hoppus, Mark","Buckley, Dennis","Conrad, Thomas","Bazan, Chris","ATFO, Dan","Mrotek, Andy","Musilek, Glen","Gow, Dan","Andriano, Dan","Welch, Bryan","Relph, Azy","Wilson, Bryce","Leech, Rick","Thompson, Billy","Gutierrez, Chris","Jorgensen, Ben","Rodriguez, Ben","Hoag, Bob","Wiznitzer, Ari","Halminiak, Mark","Morrison, Ian","Thorn, Christopher","Cantu, Eddie","Dalbec, Aaron","Hennesy, Neil","Bichar, Oshie","Stump, Patrick","Stump, Patrick","Weir, Beckett","Rexha, Bebe",,"Delonge, Tom","Trondson, Bob","Gorr, John","Kilbryde, Pat","Williams,Bob","Johnson, Kyle","Johnson, Alex","Miska, Jason","Dermer, Brandon","Virumbrales, Ebro",,"Murphy, Tim","Chunsa, Ben","Alexander, Ace","Lockett, John","Schwartz, Elisa","Diaries, LB","Schleger, Chad","Moyal, Damien","Hurley, Andy","Cimato, Fred","Stechauner, Aaron","Whittaker, Keaton","Andriano, Dan","Frank, Danny","Craig, Dan","Slania, Andy","Stump, Patrick","Nolte, David","Wolff, Scott","Weinman, Benjamin","Morgan, Ryan","Lapinski, Brian","Emburgia, Matt","Merrick, Dennis","Salentiny, Dale","Leiws, Gerrit","Daniels, Amanda","Jancetic, Emily","Williams, Andy","Telleen, Paul","Bushon, Dustin","Gagovski, Jason","Trohman, Joe","FOB TX, Kelly","Taibi, Tony","Farewell, Shawn","Koester, Sam",Mashu,Hoye Brendan,"Moya, Ryan","McCann, Tom","Croson, Ryan",,"Becker, Jim","Sardino, Jim","O'Conner, Dan","Fratellis, Mikey",,"Lorr, Michael","Mikes, Tony",,"Colbert, Josh","Rodriguez, David","Dewees, James","Seefield, Leroy","Goudreau, Philip","Civorelli, Anthony","Dirnt, Mike","Calovic, Blazo","GGW, Adam","Geise, Ryan","Popadek, Chris","McCarthy, Jaffery","Lipshaw, Pope","Hanaway, Dan","Schuessler, Matt","Phillips, Ian","Sanville, Tades","Wollard, Chris","Morris, Bob","Seaman, Ryan","Kim, Dave","Ragin, Andrew","Bivona, Jesse",,,,"Shwarzenbach, Blake","Porter, Mitchel",,"Byron, Matt","Dawson, Asa",,"Hurley, Andy","Reu, Geoff","Pfeifer, Jim","Hamilton, De'Mar","Zdora, Jason",,"Novak, Greg","Soleim, Ben","Fuist, Todd","Hennessy, Neil","Demakes, Chris","Corvino, Chris",,"Tiede, Craig","Williams, Eric","Huels, Peter","Eifrig, Karl",,"Monaco, Jared","Agosto, Dan",,"Johnson, Matt","Rodriquez, Jon","Burns, Jon","Eifrig, Karl","Saraceno, Heath","Hurley, Meredith","Johnson, Kyle","Rivera, Claudio","Reilly, Brandon","Simon, Andy","Iero, Frank","Kato, Nobuaki","Bolooki, Cyrus","Furse, Drew","Dalke, Eric","Vecchio, Louis","Renfroe, Gabe",,,"Harrison, Clark","Hofer, Dave",,"Enriquez, Chris","Smith, Spencer","Lamb, Hunter","Edwards, Erick","Murphy, Ben","Payback, Kevin","Smith, Spencer","Sviatko, Andy","Perkins, Jamie","Hurley, Andy","Bohlen, Davey von","Zimmerman, Clay","Cuzelis, Roger","Soderberg, Dave","Muro, Cory","Griffin, Brad","Mostofi, Mani","Scimeca, Nick",,"Chasse, Chris",,"Walker, Nathan","Wulff, Pete","Gamage, David","Rydia, Brian","Komer, Scott","Anastacio, Anthony","SFS, John",,"Colohan, Chris","Panic, Benji","Clifford, Brad",,,,,"Setari, Craig",,,,,"Romero, J.D.",,,"DiScanio, Derek",,,,"Herwig, Kevin",,,,,,,,,,,"Straute, Jason","Ehling, Dominic",,,,"Cropper, Jason",,,"Groszkiewicz, Brian","Ellis, Chris","Fojtik, Ryan",,,,"Alvarado, Ryan","Deluxe, Fred","Welch, Mike","Fallout Boy*, Jeff","Skinner, Mitch",,,,"Cantu, Eddie",,,,,,,,,,,"Decker, Brent",,,,"Brown, Drew","WKA, Joel",,,,,,,,,,,,,,,,,,,,,,"Mrotek, Andy",,,"Minich, TJ",,,,,,,,,"Minich, TJ",,,"Tintari, Tony","Minich, Chuck","Chirdon, John Paul",,,,
"Baumgarten, Chase","Logan, Jared",,,"Fairbaugh, Craig","Vallone, Dom","Anderson, Adam","Williams, Bob","Chapmann, Kevin","Carden, Michael","Scarim, Gino","Rompala, Jeremy","Grant, Derek","Levee, Jacob","Masek, Brian","Newton, Calum","Ogre, Greg","Bocek, Erik","Binaei, Daniel","Breen, Nash","Rincon, Bernie","Nelson, Bryan","Davis, Mya","Chiero, Michael","Mendola, John","Amezcua, David","Moore, Chris","Jordan, Zach","Remis, Timothy","Denis, Connor",,,"Peele, Bob","Patterson, Nate",,"Barker, Travis","Linde, Chaz","Fadz, Terry","Vorel, Eric","Bazan, Chris","Mixon, Matthew","Marshall, Alex","Martin, Justin","McClain, Justin","Dejesus, James",,"Milici, T.J.","Richmond, Tom","Weisberg, Jon",,"Saporta, Gabriel","Travis, Adam","Hlavinka, Karl","Tarpley, Gordon","Wentz, Pete","Czum, Jeff","Stern, Aaron",,"Trohman, Joe","Branch, Jaime","Dalen, Andy",,"Hong, Donnie","Carrion, Doug","Murphy, Kris","Rymer, Billy",,"Milici, T.J.","Ogren, Ryan","Edwards, Erick","May, Damon","Keller, Al","Dunn, Eric","Twietmeyer, Jeff","Byrnes, Chris","Ilahi, Dan","Torkelson, Erik","Jancetic, Jay","Wentz, Pete","FOB TX, Ethan","Brown, David","Farewell, Mat","Bixby, Drew",Minami,"Stein, Gabe","Wentz, Pete","Wildrick, Wayne","Burchell, Brendan",,"Giese, Scott","Sheppard, Mark","Massucco, Jackson","Fratellis, Davey",,"Cozzolino, Ricky","Ross, Stuart",,"Dominguez, Nick","Calleiro, Emmyn","Suptic, Jim",,"Newman, Zachary","Smilios, Aurthor","Cool, Tre","Eickhoff, Chris","GGW, John","Bonacci, Milo","Bucciarelli, Eron","Zdora, Jason","Gentile, Mike","McGuire, Nolan","Miller, Sheldon","Dawes, Jeffrey","Blackeley, Brandon","Ragen, Chuck","Wilson, Darren",,Gnat,"Schmidt, Danny","Bivona, Justin",,,,"Bauermeister, Chris","Burch, Rick",,"Senese, Nick","Coronado, Sergio",,"Owen, Tom","Hennessy, Neil","Hlavinka, Karl","Regan, John","Finaldi, John",,"Vercillo, Mike","Krawczyk, Brian","Frost, Geoff","McCaughan, Chris","Nuhfur, Derron","Daly, Chris",,"Milici, T.J.","Hilger, Erik","Hughes, John","Peters, Nevin",,"O'Callaghan, John","Sanders, Mark",,,"Hollins, Mike","Kelley, Nick","Kourim, Pete","Hitt, Robert","Artaud, Dani","Morgan, Branden","Johnson, Jesse","Navetta, Dan","McGrath, Simon","Way, Gerard","Nishizawa, Teruki","Grushka, Ian","King, Chris","Ersfeldt, Tim","Hansen, Soren","Fisher, Jake",,,"Scalise, Nick","Heerboth, Mike",,"Traynor, Chris","Wilson, Brent","Bynum, Jason","Edwards, Ian",,"Payback, Ryan","Howell, Trevor","Maggio, Andy","Damon, Mark","Johnson, Kyle","Gnewikow, Jason","Cruz, John","Schoessling, James",B-Money,"Wood, Greg","MacDonald, Brian","Black, Andrea",,,"Wleklinski, Dan",,"Stirling Jr., Terry","Wulff, Steve","French, Adam","Rydia, Charlie","McCausland, Matt","Bali, Aurn","SFS, Ross",,"Crouse, Scott","Carson, Cody","Herwig, Kevin",,,,,"Coen, Eddie",,,,,"Lowder, Daniel",,,"Ambrosio, Evan",,,,"Treolo, Nolan",,,,,,,,,,,"Seefield, Leroy","Johnson, John",,,,"Sharp, Matt",,,"Sarauer, Chris","Welch, Tyler","Foster, Ryan",,,,"Mosier, Mike","DePrey, Poe","McConnell, Andrew","Fallout Boy*, Andrew","Knefel, John",,,,"Moe, Adam",,,,,,,,,,,"Jakus, Andrew",,,,"Rose, Mark","WKA, Evan",,,,,,,,,,,,,,,,,,,,,,"Perow, Nick",,,"Smith, Dillon",,,,,,,,,"Larson, Brian",,,"Chavez, Joe","Owen, Tom","D'Agostino, Matt",,,,
"Chouinard, Joe","Matera, Matt",,,"Gallagher, Shane","Porter, Glenn","Russell, Mikey","Outlaw, Josie","ATFO, Pete","Conrad, Thomas","Schiewe, Dan","Simmons, Joe","Porter, Glenn","Cunny, Jim","Moniz, Derek","Mehrtens, Declan","Ramtin, Ryan","Byrne, Erik","Jancetic, Jay","DeCicco, P.J.","Bixler-Zavala, Cedric","Knapp, Chris","McLean, Steph","Molinari, Mickey","Durkin, Ryan","Stewart, Drew","Rohan, Dan","Maguire, Brendan","Wood, J.","Huston, Zach",,,"Booth, Graham","Peterson, Spencer",,"Skiba, Matt","Lund, Dave",,,"Schaufefle, Eric","Morgan, Ryan","Dawnson, Bryan","McClain, Justin","Miska, Jason","Jelen, Jeff",,"Hughes, John","Hofacker, Jon","Crews, Chad",,"Navarro, Nate",,"Laughlin, Michael","Dooley, Jason",,"McLean, Pat","Russell, Adam",,"Newton, Josh","Cox, Chris","Fjerstad, Chad",,"Brannigan, Ian","Navetta, Frank","Phelps, Mike","Benoit, Brian",,"Aaron, Tom","Parker, Tom","Edwards, Ian","Staackmann, Daniel","Hoenk, David","Godla, Frank","Wexler, Justin","Holyoak, Clayton","Z., Chuck","Tvrdik, Jonathan","Grimes, Jim","Stump, Patrick","FOB TX, Mike","Bokaer, Emile",,"Maloney, Dan",So,"Stein, Nick","Miller, Tim","Hedenberg, Samuel","Nicholas, Todd",,"Soltes, Evan","Sheppard, Nick","Weiss, Joe","Fratellis, Corey",,"Stafford, Tim",,,"Kleisath, Steve","Karner, Jake","Pryor, Matthew",,"Spitzmiller, Marcus","Garriga, Charlie","White, Jason","Chadwick, Greg",,"Decker, Steve","Woodruff, JT","Mendola, John","Moriarty, Michael","Depaola, Rob",,"Duke, Nathan","Malicsi, Ryan","Rebelo, George","Faller, Chris",,"Travis, Adam","Cooke, Thomas","Bivona, Kevin",,,,,"Linton, Tom",,"Degen, Paul","Birch, Chris",,"Herwig, Kevin","Mohney, Todd","Umhoefer, Todd","Jeannindes, Steve","Mendola, John",,"Fleury, Dan","Gegenheimer, Ian","Petrusa, Zack",,"Mills, Jessica","Yemin, Dan",,"Aaron, Tom",,"Rudnik, Dave",,,"Brock, Kenny","Chauncey, Peter",,,,"Malone, Ray","Hoffman, Scott","Rann, Tyler","Green, Allison","Morgan, Ryan","Habedank, Joel","O'Connell, Dave","O'Gorman, Dan","Dewees, James","Sasaki, Shohei","Marino, Joe","Senise, Rocky","Fadz, Terry",,"Odom, Tyler",,,"Toomey, Owen","Kilbryde, Pat",,"Vitali, Chris","Urie, Brendon","Davis, Jeremy","Dennison, Jonathan",,"Payback, Tony","Ross, Ryan","Yon, Turan","Momsen, Taylor","Minich, T.J.","Weber, Ryan","Dunehoo, Matthew","Edmonds, Joe",,"Menotiades, Paul","Gunnulfsen, Lyndsey","Binaei, Daniel",,,"Principe, Joe",,"Domae, Clark",,"Morris, Duncan","Rydia, Dave","Baldasio, Joe","Newman, Bryan","SFS, Steve",,"Edwards, Ian","Clermont, Dan","Alonso, Eric",,,,,"Komst, Erik",,,,,"Minich, T.J.",,,"Croteau, Matthew ",,,,"Machesky, Kevin",,,,,,,,,,,"Kraft, Jon","Titus, Ray",,,,"Welsh, Mikey",,,"Meier, Drew","Mixon, Matthew","Ploetz, Jason",,,,"Peidro, Richard","Sideburn, Captain",,"Fallout Boy*, Kevin","Cosimini, Mike",,,,"K., Sean",,,,,,,,,,,"Phillips, Ben",,,,,"WKA, Matt",,,,,,,,,,,,,,,,,,,,,,"Schwalbach, David",,,"Jenkins, Mathew",,,,,,,,,"Gluskin, Nathan",,,"White, Kevin",,"Mixon, Matthew",,,,
"Christenson, Jesse","Mixon, Matthew",,,"Barker, Travis","Principe, Joe","Walker, Jon","Carlisi, Nick",,"Beckett, William","Spath, Tim","Ferri, Will","Skiba, Matt",,"Alexander, Jarrod","Romer, Gus","Safran, David","San Juan, John","Trohman, Joe","AFS, Paul","Simmons, Davy","Swinney, Christopher","Stump, Patrick",,"Petrusa, Zack","Scott, Hayden","Miller, Steve","Mahoney, Bob","Fiore, Anthony","Deely, Will",,,"Schroeder, Kurt",,,"Raynor, Scott","Vance, Jay",,,"Hoderny, Jason","Ross, Stuart","Colligan, Cash","Vitale, Michael",,"Arends, Jon",,"Travis, Adam","Chunsa, Dave",,,"Blackinton, Ryland",,"Berlinguette, Nathan","Simmons, Joe",,"Hacikyan, Shaant","Owens, Craigery",,"Carggiano, Rob",,"Hartman, Matt",,,"Alvarez, Karl",,"Montuori, Brian",,,,"Winters, Jim","Burdi, Dom",,"Grant, John","Zickwolf, Lee","Davison, Daniel","Mone, Pete","Olson, Tanner","Kane, Neeraj","Pareskuwicz, Mike",,,,,Sxun,"DiDonato, Alex","Kalmikoff, Jeff","W., Mike","Rose, Mark",,"Cota, Justin","Poulsen, Ryan","Lyford, Josh","Champlin, Devin",,"Diederich, Collin",,,"Neptune, Chad","Landis, Max","Shay, Nathan",,,"Fink, Eric","Kiffmeyer, John","Carlson, John",,"Asmel, Jason","McMillon, Mark","Costello, Mike","James, Elliot","McIlrath, TIm",,"Dickos, Nicholas",,"Black, Jason","Leblanc, Mike",,,"Scott, Brian",,,,,,"Lind, Zach",,,"Dodson, Nick",,"Ibrahim, Shariq","Cahill, Laura","Hurley, Andy","Minich, TJ","Durkin, Ryan",,"Gallivan, Bobby",,,,"Yonker, Matt","Palaitis, Dave",,,,"Falafel, Heidi",,,"Kirch, Pat","Leech, Rick",,,,"Borders, Talbot","Jadczak, Brook",,"Zermeno, Anissa","Ross, Stuart","Cain, Joshua","Reyes, Eddie","Wintercorn, Dan","Pelissier, Matt",,"Pundik, Jordan","Murphy, Tim","Fadz, Steve",,"Torres, Nick",,,"Shanahan, Greg","Durkan, T.J.",,"Bonfiglio, Cory","Walker, Jon","Hembree, John","Buechner, Karl",,"Payback, Knick",,"Kovacs, Tony","Carbone, Nick","Nickel, Noah","Beschta, Scott","Bergman, Sean","Anderson, Nick",,"Caruso, PJ",,"Wentz, Pete",,,"White, Kevin",,"Jimenez, Mike",,"Wilkinson, Mark","Rydia, Ryan","Falcao, Andrew","Conley, Chris","SFS, Mike",,"Chang, Jimmy","Danziger, Maxx","Kraft, Jon",,,,,"Koller, Lou",,,,,"Hahin, Terry",,,"Scott Graham, Ryan",,,,"Hurley, Andy",,,,,,,,,,,"Evirs, Todd","Muttaqi, Sean",,,,"Pat, Wilson",,,"Taylor, John","Logan, Jared",,,,,"Marmerstein, Rob",,,,,,,,,,,,,,,,,,,"Celebs, Benjamin",,,,,"WKA, Tom",,,,,,,,,,,,,,,,,,,,,,"Konek, Jason",,,,,,,,,,,,"Jenkins, Mathew",,,,,"Walczak, Chris",,,,
,"Morgan, Ryan",,,,"Carroll, John",,"Darin, Chachi",,"LaTrace, Adrian",,,"Felumlee, Mike",,"Gustafson, Jesse",,,"Caterer, Josh","Stump, Patrick","AFS, Nick","Wrenn, Jarrett","Plourde, Derrick","Audreys, Lisa",,,"Carkeet, Kenny","Salopek, Jay",,"R., Geoff","Reed, Nick",,,"Thomas, Matt",,,,"Flame, Jimmy",,,"Black, Nate",,"Johnson, Chantry",,,"McCoy, Mark",,,"Mendola, John",,,"Asher, Victoria",,"Martin, Nathan","Wylie, John",,"Falcone, Tom","Weinhofen, Jona",,"Buckley, Keith",,"Hunt, Jon",,,"Aukerman, Milo",,"Pennie, Chris",,,,"Buechner, Karl","Hennes, Jake",,"Hurley, Andy",,"McCarthy, John ",,"Jewell, Tim","Wentz, Pete","Kunasch, T.J.",,,,,Taiki,,"Robert, Beiser","B., Matt",,,,"Whitney, Teska",,,,"Frontside, Santosh",,,"Carrabba, Chris",,"Pope, Robert",,,"Parada, Erine",,,,"Roberts, Eric","Ridenour, Matt","Durkin, Ryan","McKenzie, Patrick","Wiseman, Tyler",,"Crandall, Reid",,,"Duval, Tiane",,,Pickles,,,,,,,,,"Wenger, Noah",,,,,"Tag, Chris",,,,,,,"Anna, Pete","Rosenberg, Dave",,,,,,,,"Senise, Rocky",,,,"Dougerson, Nick",,,,"Schubach, Karl","Pierre, Justin","Baken, Evan","Tsoukalas, Franky","Way, Mikey",,"Klein, Steve","New Jacks, Selby","Van Winkle, Jason",,,,,"Marin, Jack","Giraldi, Paul",,"Gentile, Davide","Weekes, Dallon","Farro, Josh","Wiechmann, Kris",,,,"Gillespie, Ben","Chiarelli, Matt",,"Schonbeck, Scott","Squire, Steve","Halls, Keith",,"Soboslai, Steve",,"Bartholomae, Eric",,,"McIlrath, Tim",,"Binion, Jeremy",,,,"Davis, Jeff Tarbender","Rivera, Claudio","SFS, Chris",,"Hart, Steve","DeWall, Zach","Kay, Justin",,,,,"Capshaw, Max",,,,,"Croson, Blake",,,"Diaz, Tony",,,,"Kraft, Jon",,,,,,,,,,,"Logan, Jared","Hernandez, Sergio",,,,"Cuomo, Rivers",,,"Mercer, Mason","Morgan, Ryan",,,,,"Cruz, Derek",,,,,,,,,,,,,,,,,,,"Celebs, Zachary",,,,,,,,,,,,,,,,,,,,,,,,,,,,,,,,,,,,,,,,,,,,,,,,
,"Rios, Temo",,,,"Contreras, John",,"Camino, Michael",,"DelPrincipe, Michael",,,"Doran, Rob",,"Van Diest, Jesse",,,"Dinse, Kurdt","Wentz, Pete","AFS, A.J.","Ward, Jim","Thomason, Jasin",,,,"Walloch, Marc","Kolodziej, Sean",,"R., Kenny","Mullins, Brandon",,,"Stambro, Nathan",,,,"Camp III, John",,,"Hurlburt, Nate",,"Crawford, Ian",,,"Ward, Max",,,"Chunsa, Brian",,,,,"Nowoczynski, Paul","Williams, Josh",,,"Good, Matt",,"Ian, Scott",,"Jakimiak, Justin",,,"Cooper, Ray",,"Minakakis, Dimitri",,,,"Wiechman, Kris","Malitz, Marc",,"Kelly, Logan",,"Buckley, Jordan",,,,"Hamm, Brandon",,,,,Tetsuya,,"Champlin, Devin","Hedenberg, Edward",,,,"Smith, Ryan",,,,"Frontside, Dave",,,"Cordoba, Derick",,"Pope, Ryan",,,"Porcell, John",,,,"Lumumba-Kasongo, Disashi",Micah Carli,"Petrusa, Zack","Gentile, Chris",,,"Hunt, Benjamin",,,,,,"Branch, Jaimie",,,,,,,,,"Carnes, Brandon",,,,,"Johnson, Spencer",,,,,,,"Wasilewski, Peter","Wagenschurtz, David",,,,,,,,"Murphy, Tim",,,,,,,,"Thomas, Gregory","Taylor, Matt","Ghanbarian, Nick","Kaye, Jevin","Toro, Ray",,"O'Connor, Dan","New Jacks, Alex","Green, Nicole",,,,,"Coleman, Nick","Mcarty, Bret",,"Rice, Eric",,"York, Taylor","Ricardi, Mike",,,,"Quaiver, Lew","Secolo, John",,"Burton, Tim",,"Beller, Jeffery",,,,"Decker, Brent",,,"Mohney, Todd",,"Albaugh, Taylor",,,,"Costa, Dave","Soloway, David",,,,,"Jerabek, Bryan",,,,,"Koller, Peter",,,,,"Milici, T.J.",,,"Szalkowski, Tyler",,,,,,,,,,,,,,,,,,,,"Shriner, Scott",,,"Wes, Matt","Matera, Matt",,,,,"LIMB, Nick",,,,,,,,,,,,,,,,,,,,,,,,,,,,,,,,,,,,,,,,,,,,,,,,,,,,,,,,,,,,,,,,,,,
,"Zaraska, Jesse",,,,"Wright, Nat",,"Perry, Justin",,"Chislett, Michael",,,,,"Carroll, Jim",,,"Zimmerman, Lyle","McIlrath, Tim",,"Davis, Keeley","Baker, Jason",,,,"Irons, Zach","Backup, Bebo",,,"Lumley, Taylor",,,"Talfinger,  Neal",,,,"Pearson, Mike",,,"Emhoff, Scott",,"Thunder, Joey",,,"Sutfin, Mike",,,,,,,,"Unks, Ryan","Brian, Kenneth",,,"Martin, Nick",,,,"Java, Tim",,,"Egerton, Stephen",,"Sharone, Gil",,,,"Ricardi, Mike","Burgess III, Roy",,"Landolt, Nathan",,"Buckley, Keith",,,,"Envy, Chris",,,,,Tomonori,,"Gibson, Jermaine",,,,,,,,,,,,"Bunch, Jon",,,,,"Abbey, Luke",,,,,,,,,,"Rhoades, Christopher",,,,,,"Dietrich-Muller, Derek",,,,,,,,,"Peck, Tony",,,,,"Rhoades, Mark",,,,,,,"Manganelli, Rodger","Janisch, Justin",,,,,,,,,,,,,,,,"Wren, Kent","Thaxton, Tony","Navetta, Phil","Haraburda, Matt",,,,"New Jacks, Chris","Chapmann, Kevin",,,,,,,,"Gorman, Larry",,"Farro, Zach","Crouse, Scott",,,,,,,,,,,,,,,,"Tintari, Tony",,"Berry, Jon",,,,"Turner, Jet","Wilson, Dennis",,,,,"Schuster, Reed",,,,,"Cipriano, Rich",,,,,"Morrow, Scott",,,"Goodermote, William",,,,,,,,,,,,,,,,,,,,,,,,"Stenglein, Erik",,,,,"LIMB, Kyle",,,,,,,,,,,,,,,,,,,,,,,,,,,,,,,,,,,,,,,,,,,,,,,,,,,,,,,,,,,,,,,,,,,
,,,,,,,"Davis, Vegas",,,,,,,"Holden, Josh",,,"Cassady, Rich","Miller, Timothy",,"Hopper, Kenny","Collura, John",,,,,,,,"Bradbury, Kamron",,,"Reitz, Tony",,,,"Cooley, Jim",,,"Hudock, Zachary",,,,,,,,,,,,,"Mellinger, Scott","Long, Louie",,,,,,,"Jones, Antone",,,"Lombardo, Tony",,"Puciato, Greg",,,,"Crouse, Scott","Calderwood, Russell",,"Lohrber, Jeff",,"Newton, Josh",,,,"Flamadan, John",,,,,,,,,,,,,,,,,,,"Clark, Jake",,,,,"Seigler, Sammy",,,,,,,,,,,,,,,,"Somen, Dan",,,,,,,,,"Bradbury, David",,,,,,,,,,,,"Fiorello, Vinnie","Martin, Pete",,,,,,,,,,,,,,,,"Zaraska, Jesse",,"Carusana, Vinnie","Ford, Mike",,,,"New Jacks, John","King, Chris",,,,,,,,"Cross, Matthew",,,"Durgee, Shane",,,,,,,,,,,,,,,,"Blair, Zach",,,,,,"Arseneau, Ben","Lang, Durijah",,,,,Kenny,,,,,,,,,,"Lullo, Jon",,,,,,,,,,,,,,,,,,,,,,,,,,,"Hurley, Andy",,,,,"LIMB, Jason",,,,,,,,,,,,,,,,,,,,,,,,,,,,,,,,,,,,,,,,,,,,,,,,,,,,,,,,,,,,,,,,,,,
,,,,,,,"Previn, Lukas",,,,,,,"Woods, Matt",,,"Hoffman, Scott","Line, Will",,"Rodriguez-Lopez, Omar","Roe, Kris",,,,,,,,,,,,,,,"Trondson, Robert",,,,,,,,,,,,,,,,"Ladner, Todd","Mitchell, Mark",,,,,,,"Kaplan, Evan",,,,,"Love, James",,,,,,,"Mann, Dave",,"Faulk, Kevin",,,,,,,,,,,,,,,,,,,,,,,"English, Tom",,,,,"Schreifels, Walter",,,,,,,,,,,,,,,,"Rorig, Brian ""Skippy""",,,,,,,,,,,,,,,,,,,,,,"Golley, Scott",,,,,,,,,,,,,,,,,,,"Snoreck, Mike",,,,,"Engelmann, Eric",,,,,,,,"McLam, Taylor",,,,,,,,,,,,,,,,,,,,,,,,,"Lewis, Andy","D'Amico, Eben",,,,,"Menchal, Andy",,,,,,,,,,"Meilander, Jeff",,,,,,,,,,,,,,,,,,,,,,,,,,,Matt,,,,,,,,,,,,,,,,,,,,,,,,,,,,,,,,,,,,,,,,,,,,,,,,,,,,,,,,,,,,,,,,,,,,,,,,
,,,,,,,"Bowser, Chad",,,,,,,"Cossar, Tim",,,"Seeling, Sean","Hurley, Andy",,"Hinojos, Paul","Peña, Marco",,,,,,,,,,,,,,,"Dolan, Sean",,,,,,,,,,,,,,,,,"Carreno, Peter",,,,,,,"Kelly, Logan",,,,,"Tuttle, Jeff",,,,,,,"Needham, Tom",,"Novak, Mike",,,,,,,,,,,,,,,,,,,,,,,,,,,,,,,,,,,,,,,,,,,,"Aquilano, Pat",,,,,,,,,,,,,,,,,,,,,,"St. Hilaire, Scott",,,,,,,,,,,,,,,,,,,,,,,,"Alexander, Todd",,,,,,,,,,,,,,,,,,,,,,,,,,,,,,,,,"Danner, Chris","Gaylord, Justin",,,,,,,,,,,,,,,"Brown, Drew",,,,,,,,,,,,,,,,,,,,,,,,,,,"Dalen, Joe",,,,,,,,,,,,,,,,,,,,,,,,,,,,,,,,,,,,,,,,,,,,,,,,,,,,,,,,,,,,,,,,,,,,,,,,
,,,,,,,"Toohey, Mark",,,,,,,"Eisold, Wes",,,"Locascio, Ted",,,"Sawyer, Ryan","DeSantis, Marko",,,,,,,,,,,,,,,"Aimone, Tony",,,,,,,,,,,,,,,,,"Thurston, Rich",,,,,,,"King, Brad",,,,,"Wood, Jeff",,,,,,,"Nitz, Bubba",,"Leger, Ryan",,,,,,,,,,,,,,,,,,,,,,,,,,,,,,,,,,,,,,,,,,,,"Mele, Matt",,,,,,,,,,,,,,,,,,,,,,,,,,,,,,,,,,,,,,,,,,,,,,"Murphy, Tim",,,,,,,,,,,,,,,,,,,,,,,,,,,,,,,,,"Pasalic, Rob","Carrero, Manuel",,,,,,,,,,,,,,,,,,,,,,,,,,,,,,,,,,,,,,,,,,"Morgan, Branden",,,,,,,,,,,,,,,,,,,,,,,,,,,,,,,,,,,,,,,,,,,,,,,,,,,,,,,,,,,,,,,,,,,,,,,,
,,,,,,,"Aron, Nina",,,,,,,"Wilson, Zachary",,,"Paglialong, Todd",,,"Hajjar, Tony","Davenport, Mike",,,,,,,,,,,,,,,,,,,,,,,,,,,,,,,,"Obal, Stan",,,,,,,"Lear, Bryan",,,,,"Fulton, John",,,,,,,"Serzynski, Brian",,"Micciche, Steve",,,,,,,,,,,,,,,,,,,,,,,,,,,,,,,,,,,,,,,,,,,,"Yoo, Peter",,,,,,,,,,,,,,,,,,,,,,,,,,,,,,,,,,,,,,,,,,,,,,"Salazar, Jason",,,,,,,,,,,,,,,,,,,,,,,,,,,,,,,,,"Kingsbury, Adam","Parada, Pete",,,,,,,,,,,,,,,,,,,,,,,,,,,,,,,,,,,,,,,,,,,,,,,,,,,,,,,,,,,,,,,,,,,,,,,,,,,,,,,,,,,,,,,,,,,,,,,,,,,,,,,,,,,,,,,,,,
,,,,,,,,,,,,,,,,,,,,,"Riley, Patrick",,,,,,,,,,,,,,,,,,,,,,,,,,,,,,,,"Looker, Steve",,,,,,,"Matera, Matt",,,,,"Antreassian, Kevin",,,,,,,"Steigerwald, Ryan",,,,,,,,,,,,,,,,,,,,,,,,,,,,,,,,,,,,,,,,,,,,,,"Blackall, Matt",,,,,,,,,,,,,,,,,,,,,,,,,,,,,,,,,,,,,,,,,,,,,,,,,,,,,,,,,,,,,,,,,,,,,,,,,,,,,,,"Southall, Brian","Black, Reed",,,,,,,,,,,,,,,,,,,,,,,,,,,,,,,,,,,,,,,,,,,,,,,,,,,,,,,,,,,,,,,,,,,,,,,,,,,,,,,,,,,,,,,,,,,,,,,,,,,,,,,,,,,,,,,,,,
,,,,,,,,,,,,,,,,,,,,,"Carabello, Paul",,,,,,,,,,,,,,,,,,,,,,,,,,,,,,,,"Kirkpatrick, Tim",,,,,,,"Merriman, Phil",,,,,"Wilson, Liam",,,,,,,"Thomas, Greg",,,,,,,,,,,,,,,,,,,,,,,,,,,,,,,,,,,,,,,,,,,,,,"Korczak, Dan",,,,,,,,,,,,,,,,,,,,,,,,,,,,,,,,,,,,,,,,,,,,,,,,,,,,,,,,,,,,,,,,,,,,,,,,,,,,,,,"Dupuy, Kara","Palma, Rodrigo",,,,,,,,,,,,,,,,,,,,,,,,,,,,,,,,,,,,,,,,,,,,,,,,,,,,,,,,,,,,,,,,,,,,,,,,,,,,,,,,,,,,,,,,,,,,,,,,,,,,,,,,,,,,,,,,,,
,,,,,,,,,,,,,,,,,,,,,"Felicetti, Rob",,,,,,,,,,,,,,,,,,,,,,,,,,,,,,,,,,,,,,,"Nelson, Aaron",,,,,"Lupo, Matt",,,,,,,"Willkommen, Ben",,,,,,,,,,,,,,,,,,,,,,,,,,,,,,,,,,,,,,,,,,,,,,"Larocca, Jamie",,,,,,,,,,,,,,,,,,,,,,,,,,,,,,,,,,,,,,,,,,,,,,,,,,,,,,,,,,,,,,,,,,,,,,,,,,,,,,,"Gagne, James","McGrath, Sean",,,,,,,,,,,,,,,,,,,,,,,,,,,,,,,,,,,,,,,,,,,,,,,,,,,,,,,,,,,,,,,,,,,,,,,,,,,,,,,,,,,,,,,,,,,,,,,,,,,,,,,,,,,,,,,,,,
,,,,,,,,,,,,,,,,,,,,,"Hansen, Sean",,,,,,,,,,,,,,,,,,,,,,,,,,,,,,,,,,,,,,,"Nichols, Seth",,,,,,,,,,,,"Zugschwert, Chris",,,,,,,,,,,,,,,,,,,,,,,,,,,,,,,,,,,,,,,,,,,,,,"Contrera, John",,,,,,,,,,,,,,,,,,,,,,,,,,,,,,,,,,,,,,,,,,,,,,,,,,,,,,,,,,,,,,,,,,,,,,,,,,,,,,,"Samilski, Jason","Peterson, Spencer",,,,,,,,,,,,,,,,,,,,,,,,,,,,,,,,,,,,,,,,,,,,,,,,,,,,,,,,,,,,,,,,,,,,,,,,,,,,,,,,,,,,,,,,,,,,,,,,,,,,,,,,,,,,,,,,,,
,,,,,,,,,,,,,,,,,,,,,"Chikeles, Shane",,,,,,,,,,,,,,,,,,,,,,,,,,,,,,,,,,,,,,,"Nolan, Chris",,,,,,,,,,,,,,,,,,,,,,,,,,,,,,,,,,,,,,,,,,,,,,,,,,,,,,,,,,"Everson, Justin",,,,,,,,,,,,,,,,,,,,,,,,,,,,,,,,,,,,,,,,,,,,,,,,,,,,,,,,,,,,,,,,,,,,,,,,,,,,,,,,"Alexander, Ted",,,,,,,,,,,,,,,,,,,,,,,,,,,,,,,,,,,,,,,,,,,,,,,,,,,,,,,,,,,,,,,,,,,,,,,,,,,,,,,,,,,,,,,,,,,,,,,,,,,,,,,,,,,,,,,,,,
,,,,,,,,,,,,,,,,,,,,,"Holst, Thomas",,,,,,,,,,,,,,,,,,,,,,,,,,,,,,,,,,,,,,,,,,,,,,,,,,,,,,,,,,,,,,,,,,,,,,,,,,,,,,,,,,,,,,,,,,,,,,,,,,,,,,,,,,,,,,,,,,,,,,,,,,,,,,,,,,,,,,,,,,,,,,,,,,,,,,,,,,,,,,,,,,,,,,,,,,,,,,,,,,,,,,,,,,,,,,,,,,,,,,,,,,,,,,,,,,,,,,,,,,,,,,,,,,,,,,,,,,,,,,,,,,,,,,,,,,,,,,,,,,,,,,,,,,,,,,,,,,,,,,,,,,,,,,,,,,,